Designator,Footprint,Quantity,Value,LCSC Part #
C1,0603,1,100nF,
C2,0603,1,10uF,
C3,0603,1,1uF,
C4,0603,1,1uF,
C5,0603,1,100nF,
C6,0603,1,100nF,
C7,0603,1,100nF,
D1,0603,1,LED,
"D10, D11, D12, D13, D14, D15, D16, D17, D18, D19, D20, D21, D22, D3, D4, D5, D6, D7, D8, D9",D_SOD-523,20,1N4148WT,
IC1,QFN-48-1EP_7x7mm_P0.5mm_EP5.15x5.15mm,1,SAML22G,
IC2,TFBS4711,1,TFBS4711,
J2,JST_SH_SM04B-SRSS-TB_1x04-1MP_P1.00mm_Horizontal,1,Conn_01x04_Male,
J3,PinHeader_1x04_P2.54mm_Vertical,1,Conn_01x04_Male,
J4,JST_SH_SM04B-SRSS-TB_1x04-1MP_P1.00mm_Horizontal,1,Conn_01x04_Socket,
L1,0603,1,L,
R1,0603,1,R,
R2,0603,1,R,
R3,0603,1,R,
R4,0603,1,R,
R6,0603,1,R,
R7,0603,1,R,
R8,0603,1,R,
R9,0603,1,R,
"SW_0, SW_1, SW_2, SW_3, SW_4, SW_5, SW_6, SW_7, SW_8, SW_9, SW_ADD1, SW_DIV1, SW_DOT1, SW_EQ1, SW_M1, SW_MUL1, SW_ON1, SW_S1, SW_SQRT1, SW_SUB1",button,20,SW_Push,
"TP_GND1, TP_PIEZO_GND1, TP_PIEZO_SIGNAL1, TP_RST1, TP_VBAT1, TP_VLCD1",TestPoint_Pad_D1.5mm,6,TestPoint,
U1,display_MOUNT,1,LCD,
U2,SOT-23-5,1,MCP73831-2-OT,
U3,SOT-23-5,1,AP2112K-2.5,
